{"name":"30e42d87-5954-4609-b656-d2dca6992096","id":"/providers/Microsoft.Flow/flows/30e42d87-5954-4609-b656-d2dca6992096","type":"Microsoft.Flow/flows","properties":{"apiId":"/providers/Microsoft.PowerApps/apis/shared_logicflows","displayName":"EXPORT - Unified Groups- Maintain SP List","definition":{"metadata":{"workflowEntityId":null,"creator":{"id":"05b8c62a-43db-4029-8fec-a4c20c2f0b65","type":"User","tenantId":"6dca6ed4-5385-4667-98ee-6b7c509d49fa"},"provisioningMethod":"FromDefinition","failureAlertSubscription":true,"clientLastModifiedTime":"2019-01-11T15:49:24.5860266Z"},"$schema":"https://schema.management.azure.com/providers/Microsoft.Logic/schemas/2016-06-01/workflowdefinition.json#","contentVersion":"1.0.0.0","parameters":{"$connections":{"defaultValue":{},"type":"Object"},"$authentication":{"defaultValue":{},"type":"SecureObject"}},"triggers":{"Recurrence":{"recurrence":{"frequency":"Month","interval":1},"type":"Recurrence"}},"actions":{"Set_Client_ID":{"runAfter":{},"type":"InitializeVariable","inputs":{"variables":[{"name":"client_id","type":"String","value":"PUT YOUR VALUE HERE"}]}},"Set_Secret_ID":{"runAfter":{"Set_Client_ID":["Succeeded"]},"type":"InitializeVariable","inputs":{"variables":[{"name":"secret_id","type":"String","value":"PUT YOUR VALUE HERE"}]}},"Set_Tenant_ID":{"runAfter":{"Set_Secret_ID":["Succeeded"]},"type":"InitializeVariable","inputs":{"variables":[{"name":"tenant_id","type":"String","value":"PUT YOUR VALUE HERE"}]}},"HTTP":{"runAfter":{"Set_Tenant_ID":["Succeeded"]},"type":"Http","inputs":{"method":"POST","uri":"https://login.microsoftonline.com/@{variables('tenant_id')}/oauth2/token","headers":{"content-type":"application/x-www-form-urlencoded"},"body":"client_id=@{variables('client_id')}&\nclient_secret=@{variables('secret_id')}&\ngrant_type=client_credentials&\nresource=https%3A%2F%2Fgraph.microsoft.com"}},"Condition":{"actions":{"Parse_JSON":{"runAfter":{},"type":"ParseJson","inputs":{"content":"@body('HTTP')","schema":{"type":"object","properties":{"token_type":{"type":"string"},"expires_in":{"type":"string"},"ext_expires_in":{"type":"string"},"expires_on":{"type":"string"},"not_before":{"type":"string"},"resource":{"type":"string"},"access_token":{"type":"string"}}}}},"Get_Groups_with_Teams":{"runAfter":{"Parse_JSON":["Succeeded"]},"type":"Http","inputs":{"method":"GET","uri":"https://graph.microsoft.com/beta/groups?$filter=groupTypes/any(g:g+eq+'Unified')","headers":{"Authorization":"Bearer @{body('Parse_JSON')['access_token']}","Accept":"application/json"}}},"Parse_Teams":{"runAfter":{"Get_Groups_with_Teams":["Succeeded"]},"type":"ParseJson","inputs":{"content":"@body('Get_Groups_with_Teams')","schema":{"type":"object","properties":{"@@odata.context":{"type":"string"},"value":{"type":"array","items":{"type":"object","properties":{"id":{"type":"string"},"deletedDateTime":{},"classification":{},"createdDateTime":{"type":"string"},"description":{"type":"string"},"displayName":{"type":"string"},"expirationDateTime":{},"groupTypes":{"type":"array","items":{"type":"string"}},"mail":{"type":"string"},"mailEnabled":{"type":"boolean"},"mailNickname":{"type":"string"},"membershipRule":{},"membershipRuleProcessingState":{},"onPremisesLastSyncDateTime":{},"onPremisesSecurityIdentifier":{},"onPremisesSyncEnabled":{},"preferredDataLocation":{},"preferredLanguage":{},"proxyAddresses":{"type":"array","items":{"type":"string"}},"renewedDateTime":{"type":"string"},"resourceBehaviorOptions":{"type":"array"},"resourceProvisioningOptions":{"type":"array","items":{"type":"string"}},"securityEnabled":{"type":"boolean"},"theme":{},"visibility":{"type":"string"},"onPremisesProvisioningErrors":{"type":"array"}},"required":["id","deletedDateTime","classification","createdDateTime","description","displayName","expirationDateTime","groupTypes","mail","mailEnabled","mailNickname","membershipRule","membershipRuleProcessingState","onPremisesLastSyncDateTime","onPremisesSecurityIdentifier","onPremisesSyncEnabled","preferredDataLocation","preferredLanguage","proxyAddresses","renewedDateTime","resourceBehaviorOptions","resourceProvisioningOptions","securityEnabled","theme","visibility","onPremisesProvisioningErrors"]}}}}}},"Apply_to_each_4":{"foreach":"@body('Parse_Teams')?['value']","actions":{"Get_Group_Owners":{"runAfter":{},"type":"Http","inputs":{"method":"GET","uri":"https://graph.microsoft.com/v1.0/groups/@{items('Apply_to_each_4')?['id']}/owners?$select=userPrincipalName&$top=1","headers":{"Authorization":"Bearer @{body('Parse_JSON')['access_token']}","Accept":"application/json"}}},"Parse_JSON_2":{"runAfter":{"Get_Group_Owners":["Succeeded"]},"type":"ParseJson","inputs":{"content":"@body('Get_Group_Owners')","schema":{"type":"object","properties":{"@@odata.context":{"type":"string"},"value":{"type":"array","items":{"type":"object","properties":{"@@odata.type":{"type":"string"},"userPrincipalName":{"type":"string"}},"required":["@@odata.type","userPrincipalName"]}}}}}},"Update_the_List":{"foreach":"@body('Parse_JSON_2')?['value']","actions":{"GetSPItems":{"runAfter":{},"metadata":{"flowSystemMetadata":{"swaggerOperationId":"GetItems"}},"type":"ApiConnection","inputs":{"host":{"connection":{"name":"@parameters('$connections')['shared_sharepointonline']['connectionId']"},"api":{"runtimeUrl":"https://flow-apim-msmanaged-na-centralus-01.azure-apim.net/apim/sharepointonline"}},"method":"get","path":"/datasets/@{encodeURIComponent(encodeURIComponent('https://mtcmsp.sharepoint.com/sites/DataGovernance'))}/tables/@{encodeURIComponent(encodeURIComponent('33b410a2-4e6e-4dbb-a016-80d1d29ba722'))}/items","queries":{"$filter":"GroupID eq '@{items('Apply_to_each_4')?['id']}'"},"authentication":"@parameters('$authentication')"}},"ListCheck":{"actions":{"Apply_to_each":{"foreach":"@body('GetSPItems')?['value']","actions":{"Update_item":{"runAfter":{},"metadata":{"flowSystemMetadata":{"swaggerOperationId":"PatchItem"}},"type":"ApiConnection","inputs":{"host":{"connection":{"name":"@parameters('$connections')['shared_sharepointonline']['connectionId']"},"api":{"runtimeUrl":"https://flow-apim-msmanaged-na-centralus-01.azure-apim.net/apim/sharepointonline"}},"method":"patch","body":{"Title":"@items('Apply_to_each_4')?['displayName']","Description":"@items('Apply_to_each_4')?['description']","GroupID":"@items('Apply_to_each_4')?['id']","OwnerUPN":"@items('Update_the_List')?['userPrincipalName']","Visibility":"@items('Apply_to_each_4')?['visibility']","MailAddress":"@items('Apply_to_each_4')?['mail']"},"path":"/datasets/@{encodeURIComponent(encodeURIComponent('https://mtcmsp.sharepoint.com/sites/DataGovernance'))}/tables/@{encodeURIComponent(encodeURIComponent('33b410a2-4e6e-4dbb-a016-80d1d29ba722'))}/items/@{encodeURIComponent(items('Apply_to_each')?['ID'])}","authentication":"@parameters('$authentication')"}}},"runAfter":{},"type":"Foreach"}},"runAfter":{"Group_Types":["Succeeded"]},"else":{"actions":{"Create_item":{"runAfter":{},"metadata":{"flowSystemMetadata":{"swaggerOperationId":"PostItem"}},"type":"ApiConnection","inputs":{"host":{"connection":{"name":"@parameters('$connections')['shared_sharepointonline']['connectionId']"},"api":{"runtimeUrl":"https://flow-apim-msmanaged-na-centralus-01.azure-apim.net/apim/sharepointonline"}},"method":"post","body":{"Title":"@items('Apply_to_each_4')?['displayName']","Description":"@items('Apply_to_each_4')?['description']","Source":"O365","GroupID":"@items('Apply_to_each_4')?['id']","Yammer":false,"OwnerUPN":"@items('Update_the_List')?['userPrincipalName']","Visibility":"@items('Apply_to_each_4')?['visibility']","Flex_x0020_1":"@{outputs('Resource_Prov_Options')}","Flex_x0020_2":"@{outputs('Group_Types')}","MailAddress":"@items('Apply_to_each_4')?['mail']"},"path":"/datasets/@{encodeURIComponent(encodeURIComponent('https://mtcmsp.sharepoint.com/sites/DataGovernance'))}/tables/@{encodeURIComponent(encodeURIComponent('33b410a2-4e6e-4dbb-a016-80d1d29ba722'))}/items","authentication":"@parameters('$authentication')"}}}},"expression":"@equals(outputs('SPcount'), 1)","type":"If"},"SPcount":{"runAfter":{"GetSPItems":["Succeeded"]},"type":"Compose","inputs":"@length(body('GetSPItems')?['value'])"},"Resource_Prov_Options":{"runAfter":{"SPcount":["Succeeded"]},"type":"Compose","inputs":"@items('Apply_to_each_4')?['resourceProvisioningOptions']"},"Group_Types":{"runAfter":{"Resource_Prov_Options":["Succeeded"]},"type":"Compose","inputs":"@items('Apply_to_each_4')?['groupTypes']"}},"runAfter":{"Parse_JSON_2":["Succeeded"]},"type":"Foreach"}},"runAfter":{"Parse_Teams":["Succeeded"]},"type":"Foreach"}},"runAfter":{"HTTP":["Succeeded"]},"else":{"actions":{"Terminate":{"runAfter":{},"type":"Terminate","inputs":{"runStatus":"Failed","runError":{"code":"@{outputs('HTTP')['statusCode']}","message":"HTTP Auth Failed!"}}}}},"expression":"@equals(outputs('HTTP')['statusCode'], 200)","type":"If"}},"outputs":{}},"connectionReferences":{"shared_sharepointonline":{"connectionName":"shared-sharepointonl-5df5c1dd-901a-4381-8de8-6863afb18d20","source":"Embedded","id":"/providers/Microsoft.PowerApps/apis/shared_sharepointonline","tier":"NotSpecified"}},"flowFailureAlertSubscribed":false}}